,City,Cloudiness,Country,Date,Humidity,Lat,Lng,Max Temp,Wind Speed
0,saskylakh,24.0,RU,1521285288.0,28.0,71.97,114.09,-19.39,11.1
1,yellowknife,20.0,CA,1521280800.0,84.0,62.45,-114.38,8.6,6.93
2,russell,92.0,NZ,1521285592.0,93.0,-35.26,174.12,64.67,19.93
3,saint george,20.0,BM,1521284100.0,51.0,32.38,-64.68,59.0,27.51
5,margate,92.0,ZA,1521285593.0,95.0,-30.86,30.37,70.43,8.75
7,espanola,90.0,US,1521280680.0,100.0,47.6,-117.74,35.6,3.36
8,tuktoyaktuk,56.0,CA,1521280800.0,63.0,69.44,-133.03,3.2,13.87
10,vaini,20.0,TO,1521284400.0,83.0,-21.2,-175.2,77.0,11.54
11,east london,75.0,ZA,1521280800.0,77.0,-33.02,27.91,68.0,11.41
13,yellowknife,20.0,CA,1521280800.0,84.0,62.45,-114.38,8.6,6.93
14,avarua,20.0,CK,1521284400.0,88.0,-21.21,-159.78,73.4,2.24
16,agogo,0.0,GH,1521285597.0,76.0,6.8,-1.08,87.08,10.09
17,albany,8.0,AU,1521285197.0,63.0,-35.02,117.88,57.38,10.2
18,tautira,40.0,PF,1521284400.0,69.0,-17.73,-149.15,77.0,3.36
20,caravelas,24.0,BR,1521285598.0,100.0,-17.73,-39.27,81.5,11.99
21,albany,8.0,AU,1521285197.0,63.0,-35.02,117.88,57.38,10.2
22,novobelokatay,88.0,RU,1521285599.0,94.0,55.7,58.96,28.13,13.22
24,wagar,0.0,SD,1521285600.0,20.0,16.15,36.2,95.99,11.43
25,vaini,20.0,TO,1521284400.0,83.0,-21.2,-175.2,77.0,11.54
26,kapaa,1.0,US,1521284160.0,100.0,22.08,-159.32,73.4,3.36
28,punta alta,0.0,AR,1521284400.0,83.0,-27.46,-55.82,78.8,5.82
29,bluff,12.0,NZ,1521285201.0,100.0,-46.6,168.33,58.19,11.65
30,grindavik,75.0,IS,1521284400.0,87.0,63.84,-22.43,44.6,17.22
31,mount darwin,0.0,ZW,1521285421.0,41.0,-16.77,31.58,87.53,8.52
32,puerto ayora,24.0,EC,1521285206.0,100.0,-0.74,-90.35,76.73,4.05
34,half moon bay,20.0,US,1521284160.0,87.0,37.46,-122.43,48.2,6.4
35,beringovskiy,76.0,RU,1521285603.0,94.0,63.05,179.32,18.41,28.77
36,kodiak,90.0,US,1521280380.0,93.0,39.95,-94.76,35.6,11.41
39,port elizabeth,20.0,ZA,1521280800.0,60.0,-33.92,25.57,71.6,16.11
40,ushuaia,75.0,AR,1521284400.0,69.0,-54.81,-68.31,39.2,6.93
41,antofagasta,90.0,CL,1521284400.0,88.0,-23.65,-70.4,64.4,5.82
42,jamestown,88.0,SH,1521285270.0,100.0,-15.94,-5.72,75.02,15.57
43,mar del plata,0.0,AR,1521285166.0,92.0,-46.43,-67.52,46.22,7.4
44,porto de moz,48.0,BR,1521285606.0,95.0,-1.75,-52.24,77.63,1.48
45,hasaki,20.0,JP,1521282600.0,56.0,35.73,140.83,42.8,3.36
46,hithadhoo,0.0,MV,1521285213.0,99.0,-0.6,73.08,84.92,15.46
47,victoria,40.0,SC,1521280800.0,74.0,-4.62,55.45,84.2,9.17
48,nishihara,20.0,JP,1521282600.0,61.0,35.74,139.53,46.4,14.99
49,clyde river,75.0,CA,1521280800.0,74.0,70.47,-68.59,-22.01,9.17
50,hasaki,20.0,JP,1521282600.0,56.0,35.73,140.83,42.8,3.36
51,iqaluit,90.0,CA,1521283560.0,72.0,63.75,-68.52,10.4,14.99
52,hobart,0.0,AU,1521284400.0,49.0,-42.88,147.33,71.6,8.05
53,rikitea,80.0,PF,1521285209.0,97.0,-23.12,-134.97,81.41,14.56
54,sabinov,75.0,SK,1521284400.0,94.0,49.1,21.1,32.0,24.16
55,saldanha,0.0,ZA,1521280800.0,18.0,-33.01,17.94,82.4,2.24
56,constitucion,40.0,MX,1521284160.0,74.0,23.99,-104.67,44.6,2.71
58,ribeira grande,100.0,PT,1521285382.0,95.0,38.52,-28.7,63.23,22.73
59,butaritari,56.0,KI,1521285282.0,98.0,3.07,172.79,83.3,4.05
60,tuktoyaktuk,56.0,CA,1521280800.0,63.0,69.44,-133.03,3.2,13.87
61,cape town,0.0,ZA,1521280800.0,29.0,-33.93,18.42,78.8,10.29
62,barrow,90.0,US,1521282900.0,86.0,39.51,-90.4,42.8,10.29
64,nanortalik,92.0,GL,1521285611.0,90.0,60.14,-45.24,34.61,23.73
65,vila velha,40.0,BR,1521284400.0,70.0,-3.71,-38.6,84.2,3.36
66,kenai,90.0,US,1521284160.0,100.0,60.55,-151.26,33.8,3.36
68,castro,56.0,CL,1521285237.0,97.0,-42.48,-73.76,46.31,3.38
69,thompson,75.0,CA,1521280800.0,71.0,55.74,-97.86,6.8,5.82
70,vaini,20.0,TO,1521284400.0,83.0,-21.2,-175.2,77.0,11.54
71,ilulissat,40.0,GL,1521280200.0,76.0,69.22,-51.1,-5.81,4.7
73,thompson,75.0,CA,1521280800.0,71.0,55.74,-97.86,6.8,5.82
74,bredasdorp,12.0,ZA,1521280800.0,47.0,-34.53,20.04,75.2,21.92
75,castro,56.0,CL,1521285237.0,97.0,-42.48,-73.76,46.31,3.38
76,ushuaia,75.0,AR,1521284400.0,69.0,-54.81,-68.31,39.2,6.93
77,kapaa,1.0,US,1521284160.0,100.0,22.08,-159.32,73.4,3.36
78,qaanaaq,0.0,GL,1521285198.0,62.0,77.48,-69.36,-21.73,7.4
79,rikitea,80.0,PF,1521285209.0,97.0,-23.12,-134.97,81.41,14.56
80,castro,56.0,CL,1521285237.0,97.0,-42.48,-73.76,46.31,3.38
81,hofn,68.0,IS,1521285292.0,95.0,64.25,-15.21,41.9,8.86
82,hithadhoo,0.0,MV,1521285213.0,99.0,-0.6,73.08,84.92,15.46
83,tuktoyaktuk,56.0,CA,1521280800.0,63.0,69.44,-133.03,3.2,13.87
84,damara,0.0,CF,1521280800.0,69.0,4.96,18.7,80.6,8.05
85,punta arenas,75.0,CL,1521284400.0,70.0,-53.16,-70.91,44.6,17.22
86,bonavista,44.0,CA,1521285572.0,100.0,48.65,-53.11,27.59,10.2
87,garissa,32.0,KE,1521285618.0,50.0,-0.46,39.64,95.18,4.61
89,georgetown,92.0,SH,1521285210.0,100.0,-7.93,-14.42,78.62,12.55
90,kenai,90.0,US,1521284160.0,100.0,60.55,-151.26,33.8,3.36
91,clyde river,75.0,CA,1521280800.0,74.0,70.47,-68.59,-22.01,9.17
92,guerrero negro,92.0,MX,1521285619.0,85.0,27.97,-114.04,56.21,11.1
93,zhuanghe,92.0,CN,1521285620.0,92.0,39.7,122.97,35.42,5.5
94,ushuaia,75.0,AR,1521284400.0,69.0,-54.81,-68.31,39.2,6.93
95,albany,8.0,AU,1521285197.0,63.0,-35.02,117.88,57.38,10.2
96,punta arenas,75.0,CL,1521284400.0,70.0,-53.16,-70.91,44.6,17.22
97,nemuro,0.0,JP,1521285621.0,100.0,43.32,145.57,33.44,19.26
98,vaini,20.0,TO,1521284400.0,83.0,-21.2,-175.2,77.0,11.54
99,zharkent,0.0,KZ,1521285622.0,71.0,44.17,80.0,23.54,3.71
100,yellowknife,20.0,CA,1521280800.0,84.0,62.45,-114.38,8.6,6.93
101,kaeo,92.0,NZ,1521285623.0,93.0,-35.1,173.78,64.67,19.93
102,aloleng,12.0,PH,1521285623.0,96.0,16.13,119.78,79.61,4.27
103,guerrero negro,92.0,MX,1521285619.0,85.0,27.97,-114.04,56.21,11.1
104,opuwo,80.0,NA,1521285624.0,79.0,-18.06,13.84,75.2,4.72
105,jamestown,88.0,SH,1521285270.0,100.0,-15.94,-5.72,75.02,15.57
106,marsh harbour,0.0,BS,1521285369.0,100.0,26.54,-77.06,66.65,5.39
107,tumaco,80.0,CO,1521285443.0,92.0,1.8,-78.82,76.19,6.17
108,kaeo,92.0,NZ,1521285623.0,93.0,-35.1,173.78,64.67,19.93
110,bredasdorp,12.0,ZA,1521280800.0,47.0,-34.53,20.04,75.2,21.92
112,arraial do cabo,75.0,BR,1521284400.0,78.0,-22.97,-42.02,80.6,6.93
113,langxiang,0.0,CN,1521285626.0,59.0,46.95,128.87,25.88,5.73
114,port elizabeth,20.0,ZA,1521280800.0,60.0,-33.92,25.57,71.6,16.11
115,ushuaia,75.0,AR,1521284400.0,69.0,-54.81,-68.31,39.2,6.93
116,ushuaia,75.0,AR,1521284400.0,69.0,-54.81,-68.31,39.2,6.93
117,khatanga,12.0,RU,1521285211.0,0.0,71.98,102.47,-32.44,5.5
118,hilo,1.0,US,1521280560.0,88.0,19.71,-155.08,71.6,4.7
119,rikitea,80.0,PF,1521285209.0,97.0,-23.12,-134.97,81.41,14.56
120,chegdomyn,68.0,RU,1521285304.0,72.0,51.13,133.04,17.78,5.73
122,coihaique,40.0,CL,1521284400.0,93.0,-45.58,-72.07,39.2,6.93
123,provideniya,12.0,RU,1521285629.0,100.0,64.42,-173.23,-1.21,37.04
124,ushuaia,75.0,AR,1521284400.0,69.0,-54.81,-68.31,39.2,6.93
125,hambantota,0.0,LK,1521285630.0,95.0,6.12,81.12,84.74,13.11
126,port alfred,56.0,ZA,1521285294.0,83.0,-33.59,26.89,70.16,17.25
127,jamestown,88.0,SH,1521285270.0,100.0,-15.94,-5.72,75.02,15.57
128,thompson,75.0,CA,1521280800.0,71.0,55.74,-97.86,6.8,5.82
129,punta arenas,75.0,CL,1521284400.0,70.0,-53.16,-70.91,44.6,17.22
130,egvekinot,20.0,RU,1521285631.0,0.0,66.32,-179.17,-29.92,2.59
131,ilulissat,40.0,GL,1521280200.0,76.0,69.22,-51.1,-5.81,4.7
132,guerrero negro,92.0,MX,1521285619.0,85.0,27.97,-114.04,56.21,11.1
133,ambon,12.0,ID,1521285632.0,100.0,-3.7,128.18,77.63,7.63
134,albany,8.0,AU,1521285197.0,63.0,-35.02,117.88,57.38,10.2
135,megion,0.0,RU,1521282600.0,51.0,61.04,76.11,37.4,6.71
136,atambua,64.0,ID,1521285633.0,100.0,-9.11,124.89,80.06,5.5
137,ocos,75.0,GT,1521283200.0,100.0,14.51,-92.19,71.6,7.63
138,portland,0.0,AU,1521285634.0,83.0,-33.35,149.98,58.28,1.81
141,puerto ayora,24.0,EC,1521285206.0,100.0,-0.74,-90.35,76.73,4.05
142,skjervoy,92.0,NO,1521285361.0,100.0,70.03,20.97,34.79,28.1
143,busselton,0.0,AU,1521285228.0,100.0,-33.64,115.35,62.96,15.01
144,namatanai,92.0,PG,1521285636.0,100.0,-3.66,152.44,76.46,15.12
145,castro,56.0,CL,1521285237.0,97.0,-42.48,-73.76,46.31,3.38
146,arraial do cabo,75.0,BR,1521284400.0,78.0,-22.97,-42.02,80.6,6.93
149,lang son,92.0,VN,1521285638.0,90.0,21.83,106.73,71.6,10.2
150,tuatapere,48.0,NZ,1521285258.0,100.0,-46.13,167.69,52.34,5.06
152,kapaa,1.0,US,1521284160.0,100.0,22.08,-159.32,73.4,3.36
153,anito,92.0,PH,1521285639.0,100.0,12.45,125.29,81.32,16.69
154,mattru,36.0,SL,1521285640.0,63.0,7.62,-11.83,90.32,3.83
155,cerro cama,40.0,PA,1521284400.0,83.0,9.03,-79.91,78.8,5.82
156,ushuaia,75.0,AR,1521284400.0,69.0,-54.81,-68.31,39.2,6.93
157,burnie,76.0,AU,1521285641.0,84.0,-41.05,145.91,69.71,21.83
158,rikitea,80.0,PF,1521285209.0,97.0,-23.12,-134.97,81.41,14.56
159,hofn,68.0,IS,1521285292.0,95.0,64.25,-15.21,41.9,8.86
161,juneau,75.0,US,1521284160.0,100.0,58.3,-134.42,33.8,3.36
162,rikitea,80.0,PF,1521285209.0,97.0,-23.12,-134.97,81.41,14.56
163,ushuaia,75.0,AR,1521284400.0,69.0,-54.81,-68.31,39.2,6.93
164,ilulissat,40.0,GL,1521280200.0,76.0,69.22,-51.1,-5.81,4.7
165,coahuayana,0.0,MX,1521285643.0,67.0,18.62,-100.35,52.16,2.48
166,lebu,92.0,CL,1521285203.0,100.0,-37.62,-73.65,57.74,7.29
167,cabo san lucas,8.0,MX,1521285382.0,97.0,22.89,-109.91,71.33,6.4
168,busselton,0.0,AU,1521285228.0,100.0,-33.64,115.35,62.96,15.01
169,lorengau,24.0,PG,1521285645.0,97.0,-2.02,147.27,83.39,10.09
170,cape town,0.0,ZA,1521280800.0,29.0,-33.93,18.42,78.8,10.29
172,vaini,20.0,TO,1521284400.0,83.0,-21.2,-175.2,77.0,11.54
173,evensk,32.0,RU,1521285646.0,100.0,61.92,159.24,13.91,25.75
174,kodiak,90.0,US,1521280380.0,93.0,39.95,-94.76,35.6,11.41
175,zeya,44.0,RU,1521285647.0,63.0,53.74,127.27,14.54,3.71
176,lompoc,1.0,US,1521284280.0,93.0,34.64,-120.46,46.4,6.73
177,fukue,0.0,JP,1521282600.0,66.0,35.03,136.69,48.2,9.17
178,tingi,36.0,TZ,1521285648.0,100.0,-11.3,35.03,80.87,5.5
179,jamestown,88.0,SH,1521285270.0,100.0,-15.94,-5.72,75.02,15.57
180,jamestown,88.0,SH,1521285270.0,100.0,-15.94,-5.72,75.02,15.57
181,punta arenas,75.0,CL,1521284400.0,70.0,-53.16,-70.91,44.6,17.22
182,hobart,0.0,AU,1521284400.0,49.0,-42.88,147.33,71.6,8.05
183,cape town,0.0,ZA,1521280800.0,29.0,-33.93,18.42,78.8,10.29
184,carnarvon,0.0,AU,1521285233.0,82.0,-24.87,113.63,80.96,20.27
185,san patricio,0.0,MX,1521285650.0,100.0,19.22,-104.7,59.54,2.15
186,turayf,0.0,SA,1521280800.0,36.0,31.68,38.65,62.6,4.7
187,thompson,75.0,CA,1521280800.0,71.0,55.74,-97.86,6.8,5.82
188,hilo,1.0,US,1521280560.0,88.0,19.71,-155.08,71.6,4.7
189,rikitea,80.0,PF,1521285209.0,97.0,-23.12,-134.97,81.41,14.56
190,hobart,0.0,AU,1521284400.0,49.0,-42.88,147.33,71.6,8.05
191,busselton,0.0,AU,1521285228.0,100.0,-33.64,115.35,62.96,15.01
192,puerto ayora,24.0,EC,1521285206.0,100.0,-0.74,-90.35,76.73,4.05
193,smolenka,90.0,RU,1521282600.0,73.0,54.28,56.05,26.6,8.95
194,ushuaia,75.0,AR,1521284400.0,69.0,-54.81,-68.31,39.2,6.93
196,nanortalik,92.0,GL,1521285611.0,90.0,60.14,-45.24,34.61,23.73
197,comodoro rivadavia,0.0,AR,1521284400.0,61.0,-45.87,-67.48,48.2,6.93
198,foshan,90.0,CN,1521282600.0,69.0,23.02,113.11,73.4,11.18
199,busselton,0.0,AU,1521285228.0,100.0,-33.64,115.35,62.96,15.01
200,yumen,0.0,CN,1521285286.0,59.0,40.29,97.04,44.69,6.29
201,rikitea,80.0,PF,1521285209.0,97.0,-23.12,-134.97,81.41,14.56
203,jamestown,88.0,SH,1521285270.0,100.0,-15.94,-5.72,75.02,15.57
204,mandalgovi,20.0,MN,1521285655.0,58.0,45.76,106.27,30.56,4.16
205,koungou,75.0,YT,1521282600.0,83.0,-12.73,45.2,78.8,24.16
207,faanui,92.0,PF,1521285202.0,100.0,-16.48,-151.75,80.87,12.77
208,chapais,75.0,CA,1521284160.0,76.0,49.78,-74.86,-7.61,12.75
209,fortuna,90.0,US,1521284100.0,93.0,40.6,-124.16,39.2,8.05
210,khatanga,12.0,RU,1521285211.0,0.0,71.98,102.47,-32.44,5.5
211,saint-philippe,75.0,RE,1521282600.0,69.0,-21.36,55.77,82.4,3.36
212,port alfred,56.0,ZA,1521285294.0,83.0,-33.59,26.89,70.16,17.25
213,nishihara,20.0,JP,1521282600.0,61.0,35.74,139.53,46.4,14.99
214,tasiilaq,90.0,GL,1521283800.0,58.0,65.61,-37.64,30.2,20.8
215,barrow,90.0,US,1521282900.0,86.0,39.51,-90.4,42.8,10.29
216,bambous virieux,90.0,MU,1521280800.0,70.0,-20.34,57.76,84.2,12.75
217,punta arenas,75.0,CL,1521284400.0,70.0,-53.16,-70.91,44.6,17.22
218,norman wells,90.0,CA,1521280800.0,79.0,65.28,-126.83,26.6,2.24
219,busselton,0.0,AU,1521285228.0,100.0,-33.64,115.35,62.96,15.01
220,avarua,20.0,CK,1521284400.0,88.0,-21.21,-159.78,73.4,2.24
221,nantucket,1.0,US,1521282900.0,58.0,41.28,-70.1,28.4,14.99
224,korla,80.0,CN,1521285661.0,44.0,41.76,86.15,51.44,2.37
225,maceio,40.0,BR,1521284400.0,74.0,-9.67,-35.74,80.6,5.82
226,vostok,88.0,RU,1521285662.0,71.0,46.45,135.83,27.14,6.4
227,buala,24.0,SB,1521285662.0,100.0,-8.15,159.59,77.18,4.94
228,tual,76.0,ID,1521285663.0,100.0,-5.67,132.75,82.76,8.19
229,new norfolk,0.0,AU,1521284400.0,49.0,-42.78,147.06,71.6,8.05
230,chokurdakh,0.0,RU,1521285198.0,0.0,70.62,147.9,-35.32,4.05
231,chisinau,40.0,MD,1521284400.0,54.0,47.01,28.86,57.2,10.29
232,san policarpo,92.0,PH,1521285664.0,97.0,12.18,125.51,79.52,12.44
233,kapaa,1.0,US,1521284160.0,100.0,22.08,-159.32,73.4,3.36
234,tuktoyaktuk,56.0,CA,1521280800.0,63.0,69.44,-133.03,3.2,13.87
235,new norfolk,0.0,AU,1521284400.0,49.0,-42.78,147.06,71.6,8.05
236,busselton,0.0,AU,1521285228.0,100.0,-33.64,115.35,62.96,15.01
237,lompoc,1.0,US,1521284280.0,93.0,34.64,-120.46,46.4,6.73
238,osa,0.0,RU,1521285666.0,71.0,57.28,55.46,14.81,10.42
239,lavrentiya,12.0,RU,1521285348.0,100.0,65.58,-170.99,-7.69,29.66
240,sur,8.0,OM,1521285344.0,84.0,22.57,59.53,78.26,4.61
241,severo-kurilsk,36.0,RU,1521285281.0,100.0,50.68,156.12,21.11,23.06
242,rikitea,80.0,PF,1521285209.0,97.0,-23.12,-134.97,81.41,14.56
243,geraldton,0.0,AU,1521282600.0,68.0,-28.77,114.6,69.8,26.4
244,chabahar,0.0,IR,1521285668.0,87.0,25.29,60.65,77.72,10.87
245,hobart,0.0,AU,1521284400.0,49.0,-42.88,147.33,71.6,8.05
246,lebu,92.0,CL,1521285203.0,100.0,-37.62,-73.65,57.74,7.29
247,khatanga,12.0,RU,1521285211.0,0.0,71.98,102.47,-32.44,5.5
248,saldanha,0.0,ZA,1521280800.0,18.0,-33.01,17.94,82.4,2.24
249,mogadishu,75.0,SO,1521280800.0,70.0,2.04,45.34,86.0,12.75
250,powell river,90.0,CA,1521280800.0,70.0,49.84,-124.52,44.6,2.24
252,port alfred,56.0,ZA,1521285294.0,83.0,-33.59,26.89,70.16,17.25
254,lander,20.0,US,1521283980.0,63.0,42.83,-108.73,26.6,3.36
255,dergachi,56.0,RU,1521285671.0,100.0,51.24,48.77,24.71,4.72
257,martapura,68.0,ID,1521285672.0,92.0,-3.41,114.85,80.96,6.29
258,avarua,20.0,CK,1521284400.0,88.0,-21.21,-159.78,73.4,2.24
259,castro,56.0,CL,1521285237.0,97.0,-42.48,-73.76,46.31,3.38
260,guerrero negro,92.0,MX,1521285619.0,85.0,27.97,-114.04,56.21,11.1
261,chuy,0.0,UY,1521285143.0,92.0,-33.69,-53.46,71.42,11.43
262,oeiras do para,68.0,BR,1521285674.0,93.0,-2.0,-49.85,80.06,4.94
263,busselton,0.0,AU,1521285228.0,100.0,-33.64,115.35,62.96,15.01
264,port elizabeth,20.0,ZA,1521280800.0,60.0,-33.92,25.57,71.6,16.11
265,schenectady,40.0,US,1521284040.0,67.0,42.81,-73.94,23.0,26.4
266,luderitz,0.0,NA,1521280800.0,47.0,-26.65,15.16,75.2,10.29
267,mabaruma,76.0,GY,1521285449.0,89.0,8.2,-59.78,77.54,7.18
268,bhasawar,0.0,IN,1521285675.0,22.0,27.03,77.03,86.81,5.95
269,port lincoln,88.0,AU,1521285676.0,89.0,-34.72,135.86,66.29,25.3
270,dikson,0.0,RU,1521285217.0,100.0,73.51,80.55,-13.72,9.86
271,hilo,1.0,US,1521280560.0,88.0,19.71,-155.08,71.6,4.7
272,ushuaia,75.0,AR,1521284400.0,69.0,-54.81,-68.31,39.2,6.93
273,thompson,75.0,CA,1521280800.0,71.0,55.74,-97.86,6.8,5.82
274,butaritari,56.0,KI,1521285282.0,98.0,3.07,172.79,83.3,4.05
276,quimper,80.0,FR,1521284400.0,87.0,48.0,-4.1,50.0,6.93
277,alofi,12.0,NU,1521280800.0,100.0,-19.06,-169.92,69.8,1.12
278,klyuchi,76.0,RU,1521285679.0,92.0,52.25,79.17,29.57,4.27
280,ushuaia,75.0,AR,1521284400.0,69.0,-54.81,-68.31,39.2,6.93
281,georgetown,92.0,SH,1521285210.0,100.0,-7.93,-14.42,78.62,12.55
282,haywards heath,75.0,GB,1521283800.0,83.0,51.0,-0.1,33.8,19.46
283,ushuaia,75.0,AR,1521284400.0,69.0,-54.81,-68.31,39.2,6.93
284,butaritari,56.0,KI,1521285282.0,98.0,3.07,172.79,83.3,4.05
285,harper,36.0,LR,1521285681.0,100.0,4.38,-7.71,80.69,11.54
286,avarua,20.0,CK,1521284400.0,88.0,-21.21,-159.78,73.4,2.24
288,albany,8.0,AU,1521285197.0,63.0,-35.02,117.88,57.38,10.2
289,hobart,0.0,AU,1521284400.0,49.0,-42.88,147.33,71.6,8.05
290,huambo,75.0,AO,1521280800.0,73.0,-12.78,15.73,69.8,6.17
291,busselton,0.0,AU,1521285228.0,100.0,-33.64,115.35,62.96,15.01
292,ushuaia,75.0,AR,1521284400.0,69.0,-54.81,-68.31,39.2,6.93
293,bredasdorp,12.0,ZA,1521280800.0,47.0,-34.53,20.04,75.2,21.92
294,nikolskoye,40.0,RU,1521282600.0,62.0,59.7,30.79,21.2,8.95
295,rikitea,80.0,PF,1521285209.0,97.0,-23.12,-134.97,81.41,14.56
296,lagoa,40.0,PT,1521282600.0,87.0,37.14,-8.45,59.0,24.16
299,alofi,12.0,NU,1521280800.0,100.0,-19.06,-169.92,69.8,1.12
301,zaranj,0.0,AF,1521280800.0,11.0,30.95,61.86,89.6,11.41
302,hermanus,0.0,ZA,1521285225.0,44.0,-34.42,19.24,75.2,6.73
303,port alfred,56.0,ZA,1521285294.0,83.0,-33.59,26.89,70.16,17.25
304,nazarovo,8.0,RU,1521285687.0,90.0,56.01,90.42,20.03,2.15
305,kahului,20.0,US,1521284160.0,94.0,20.89,-156.47,71.6,5.82
306,hobart,0.0,AU,1521284400.0,49.0,-42.88,147.33,71.6,8.05
307,souillac,90.0,MU,1521280800.0,70.0,-20.52,57.52,84.2,12.75
308,torbay,75.0,CA,1521283200.0,92.0,47.66,-52.73,30.2,3.36
310,buzmeyin,90.0,TM,1521280800.0,63.0,38.05,58.21,60.8,6.93
311,tiksi,12.0,RU,1521285296.0,0.0,71.64,128.87,-30.73,3.83
312,alyangula,64.0,AU,1521285366.0,98.0,-13.85,136.42,84.74,15.79
313,tuatapere,48.0,NZ,1521285258.0,100.0,-46.13,167.69,52.34,5.06
314,torbay,75.0,CA,1521283200.0,92.0,47.66,-52.73,30.2,3.36
315,rikitea,80.0,PF,1521285209.0,97.0,-23.12,-134.97,81.41,14.56
316,castro,56.0,CL,1521285237.0,97.0,-42.48,-73.76,46.31,3.38
317,bethel,90.0,US,1521283980.0,86.0,60.79,-161.76,30.2,8.05
318,saint-philippe,75.0,RE,1521282600.0,69.0,-21.36,55.77,82.4,3.36
319,avarua,20.0,CK,1521284400.0,88.0,-21.21,-159.78,73.4,2.24
320,east london,75.0,ZA,1521280800.0,77.0,-33.02,27.91,68.0,11.41
321,nouadhibou,0.0,MR,1521280800.0,48.0,20.93,-17.03,66.2,27.51
322,birjand,90.0,IR,1521280800.0,12.0,32.86,59.22,71.6,13.87
323,high level,1.0,CA,1521280800.0,85.0,58.52,-117.13,19.4,2.24
324,ilulissat,40.0,GL,1521280200.0,76.0,69.22,-51.1,-5.81,4.7
325,inhambane,75.0,MZ,1521280800.0,66.0,-23.87,35.38,86.0,12.75
326,chokurdakh,0.0,RU,1521285198.0,0.0,70.62,147.9,-35.32,4.05
327,harper,36.0,LR,1521285681.0,100.0,4.38,-7.71,80.69,11.54
328,yar-sale,80.0,RU,1521285326.0,75.0,66.83,70.83,-2.92,17.47
329,bredasdorp,12.0,ZA,1521280800.0,47.0,-34.53,20.04,75.2,21.92
330,sao joao da barra,75.0,BR,1521284400.0,83.0,-21.64,-41.05,78.8,6.93
331,carnarvon,0.0,AU,1521285233.0,82.0,-24.87,113.63,80.96,20.27
332,busselton,0.0,AU,1521285228.0,100.0,-33.64,115.35,62.96,15.01
333,ust-tsilma,76.0,RU,1521285695.0,55.0,65.44,52.15,-0.67,6.17
334,meadow lake,20.0,CA,1521285570.0,64.0,54.13,-108.44,10.04,2.15
335,provideniya,12.0,RU,1521285629.0,100.0,64.42,-173.23,-1.21,37.04
336,saint-pierre,90.0,PM,1521284400.0,100.0,46.77,-56.17,32.0,1.12
338,chishtian mandi,0.0,PK,1521285697.0,33.0,29.8,72.87,88.07,4.16
339,albany,8.0,AU,1521285197.0,63.0,-35.02,117.88,57.38,10.2
340,norman wells,90.0,CA,1521280800.0,79.0,65.28,-126.83,26.6,2.24
341,chokurdakh,0.0,RU,1521285198.0,0.0,70.62,147.9,-35.32,4.05
342,busselton,0.0,AU,1521285228.0,100.0,-33.64,115.35,62.96,15.01
343,busselton,0.0,AU,1521285228.0,100.0,-33.64,115.35,62.96,15.01
344,longyearbyen,75.0,SJ,1521283800.0,69.0,78.22,15.64,33.8,23.04
345,caravelas,24.0,BR,1521285598.0,100.0,-17.73,-39.27,81.5,11.99
346,saldanha,0.0,ZA,1521280800.0,18.0,-33.01,17.94,82.4,2.24
347,ushuaia,75.0,AR,1521284400.0,69.0,-54.81,-68.31,39.2,6.93
348,pacasmayo,8.0,PE,1521285699.0,96.0,-7.4,-79.57,68.09,4.72
349,wisconsin rapids,5.0,US,1521283620.0,73.0,44.39,-89.82,23.0,8.05
351,port alfred,56.0,ZA,1521285294.0,83.0,-33.59,26.89,70.16,17.25
352,puerto ayora,24.0,EC,1521285206.0,100.0,-0.74,-90.35,76.73,4.05
354,vaini,20.0,TO,1521284400.0,83.0,-21.2,-175.2,77.0,11.54
355,lebu,92.0,CL,1521285203.0,100.0,-37.62,-73.65,57.74,7.29
356,carnarvon,0.0,AU,1521285233.0,82.0,-24.87,113.63,80.96,20.27
357,henties bay,0.0,NA,1521285702.0,87.0,-22.12,14.28,69.98,6.96
358,enid,1.0,US,1521282900.0,86.0,36.4,-97.88,37.4,8.05
359,faanui,92.0,PF,1521285202.0,100.0,-16.48,-151.75,80.87,12.77
360,hobart,0.0,AU,1521284400.0,49.0,-42.88,147.33,71.6,8.05
362,ushuaia,75.0,AR,1521284400.0,69.0,-54.81,-68.31,39.2,6.93
363,ushuaia,75.0,AR,1521284400.0,69.0,-54.81,-68.31,39.2,6.93
364,cherskiy,0.0,RU,1521285274.0,0.0,68.75,161.3,-31.63,2.37
365,ushuaia,75.0,AR,1521284400.0,69.0,-54.81,-68.31,39.2,6.93
367,tasiilaq,90.0,GL,1521283800.0,58.0,65.61,-37.64,30.2,20.8
368,sur,8.0,OM,1521285344.0,84.0,22.57,59.53,78.26,4.61
369,colares,40.0,PT,1521284400.0,81.0,38.8,-9.45,57.2,9.17
370,la tuque,36.0,CA,1521285706.0,43.0,47.44,-72.79,4.01,10.42
371,ushuaia,75.0,AR,1521284400.0,69.0,-54.81,-68.31,39.2,6.93
373,camacha,75.0,PT,1521284400.0,59.0,33.08,-16.33,64.4,19.46
374,punta arenas,75.0,CL,1521284400.0,70.0,-53.16,-70.91,44.6,17.22
375,hamilton,20.0,BM,1521284100.0,51.0,32.3,-64.78,59.0,27.51
377,ushuaia,75.0,AR,1521284400.0,69.0,-54.81,-68.31,39.2,6.93
378,egvekinot,20.0,RU,1521285631.0,0.0,66.32,-179.17,-29.92,2.59
379,nikolskoye,40.0,RU,1521282600.0,62.0,59.7,30.79,21.2,8.95
380,port lincoln,88.0,AU,1521285676.0,89.0,-34.72,135.86,66.29,25.3
382,georgetown,92.0,SH,1521285210.0,100.0,-7.93,-14.42,78.62,12.55
383,ribeira grande,100.0,PT,1521285382.0,95.0,38.52,-28.7,63.23,22.73
384,garowe,0.0,SO,1521285710.0,26.0,8.41,48.48,92.39,7.07
385,mumbwa,8.0,ZM,1521285710.0,88.0,-14.99,27.06,77.81,7.07
386,raudeberg,0.0,NO,1521283800.0,28.0,61.99,5.14,30.2,4.7
387,yellowknife,20.0,CA,1521280800.0,84.0,62.45,-114.38,8.6,6.93
389,saint-philippe,75.0,RE,1521282600.0,69.0,-21.36,55.77,82.4,3.36
391,pangnirtung,92.0,CA,1521285426.0,69.0,66.15,-65.72,1.58,6.17
392,pisco,0.0,PE,1521284400.0,77.0,-13.71,-76.2,69.8,4.7
393,karratha,0.0,AU,1521285713.0,31.0,-20.74,116.85,90.41,14.12
394,dikson,0.0,RU,1521285217.0,100.0,73.51,80.55,-13.72,9.86
396,horsham,92.0,AU,1521285714.0,32.0,-36.71,142.2,82.58,20.15
397,pampa,1.0,US,1521282900.0,80.0,35.54,-100.96,42.8,4.7
398,dikson,0.0,RU,1521285217.0,100.0,73.51,80.55,-13.72,9.86
399,vaini,20.0,TO,1521284400.0,83.0,-21.2,-175.2,77.0,11.54
400,cape town,0.0,ZA,1521280800.0,29.0,-33.93,18.42,78.8,10.29
402,tiksi,12.0,RU,1521285296.0,0.0,71.64,128.87,-30.73,3.83
403,hilo,1.0,US,1521280560.0,88.0,19.71,-155.08,71.6,4.7
404,mahebourg,90.0,MU,1521280800.0,70.0,-20.41,57.7,84.2,12.75
405,kodiak,90.0,US,1521280380.0,93.0,39.95,-94.76,35.6,11.41
406,balkhash,0.0,KZ,1521285717.0,88.0,46.84,74.98,29.93,2.15
407,manadhoo,0.0,MV,1521285717.0,100.0,5.77,73.38,84.11,5.84
408,vao,20.0,NC,1521285718.0,100.0,-22.67,167.48,79.34,12.44
409,jamestown,88.0,SH,1521285270.0,100.0,-15.94,-5.72,75.02,15.57
410,lebu,92.0,CL,1521285203.0,100.0,-37.62,-73.65,57.74,7.29
411,mar del plata,0.0,AR,1521285166.0,92.0,-46.43,-67.52,46.22,7.4
412,korla,80.0,CN,1521285661.0,44.0,41.76,86.15,51.44,2.37
413,ukiah,75.0,US,1521284160.0,86.0,39.15,-123.21,39.2,2.37
414,muros,75.0,ES,1521284400.0,93.0,42.77,-9.06,41.0,9.17
415,provideniya,12.0,RU,1521285629.0,100.0,64.42,-173.23,-1.21,37.04
416,butaritari,56.0,KI,1521285282.0,98.0,3.07,172.79,83.3,4.05
417,ahipara,56.0,NZ,1521285257.0,100.0,-35.17,173.16,64.4,19.48
418,sao joao da barra,75.0,BR,1521284400.0,83.0,-21.64,-41.05,78.8,6.93
419,kapaa,1.0,US,1521284160.0,100.0,22.08,-159.32,73.4,3.36
420,vaini,20.0,TO,1521284400.0,83.0,-21.2,-175.2,77.0,11.54
421,hilo,1.0,US,1521280560.0,88.0,19.71,-155.08,71.6,4.7
422,oriximina,76.0,BR,1521285722.0,94.0,-1.77,-55.87,77.9,2.71
423,upernavik,56.0,GL,1521285389.0,100.0,72.79,-56.15,-6.88,19.82
424,busselton,0.0,AU,1521285228.0,100.0,-33.64,115.35,62.96,15.01
425,nouadhibou,0.0,MR,1521280800.0,48.0,20.93,-17.03,66.2,27.51
426,hithadhoo,0.0,MV,1521285213.0,99.0,-0.6,73.08,84.92,15.46
427,vaini,20.0,TO,1521284400.0,83.0,-21.2,-175.2,77.0,11.54
428,port elizabeth,20.0,ZA,1521280800.0,60.0,-33.92,25.57,71.6,16.11
429,sur,8.0,OM,1521285344.0,84.0,22.57,59.53,78.26,4.61
430,koupela,0.0,BF,1521285724.0,57.0,12.18,-0.35,94.64,9.31
431,margate,92.0,ZA,1521285593.0,95.0,-30.86,30.37,70.43,8.75
432,klobuck,75.0,PL,1521284400.0,79.0,50.9,18.94,21.2,17.22
433,upernavik,56.0,GL,1521285389.0,100.0,72.79,-56.15,-6.88,19.82
434,kapaa,1.0,US,1521284160.0,100.0,22.08,-159.32,73.4,3.36
436,ushuaia,75.0,AR,1521284400.0,69.0,-54.81,-68.31,39.2,6.93
437,albany,8.0,AU,1521285197.0,63.0,-35.02,117.88,57.38,10.2
438,longyearbyen,75.0,SJ,1521283800.0,69.0,78.22,15.64,33.8,23.04
439,alur,76.0,IN,1521285727.0,32.0,17.7,76.43,89.06,5.39
441,tommot,32.0,RU,1521285728.0,59.0,58.97,126.27,9.32,8.41
442,dikson,0.0,RU,1521285217.0,100.0,73.51,80.55,-13.72,9.86
443,chokurdakh,0.0,RU,1521285198.0,0.0,70.62,147.9,-35.32,4.05
444,khatanga,12.0,RU,1521285211.0,0.0,71.98,102.47,-32.44,5.5
445,albany,8.0,AU,1521285197.0,63.0,-35.02,117.88,57.38,10.2
446,dombarovskiy,92.0,RU,1521285729.0,98.0,50.76,59.54,34.88,9.98
447,ribeira grande,100.0,PT,1521285382.0,95.0,38.52,-28.7,63.23,22.73
449,punta arenas,75.0,CL,1521284400.0,70.0,-53.16,-70.91,44.6,17.22
450,troitsko-pechorsk,80.0,RU,1521285730.0,77.0,62.71,56.19,19.94,6.17
451,punta arenas,75.0,CL,1521284400.0,70.0,-53.16,-70.91,44.6,17.22
452,stepnogorsk,0.0,KZ,1521285731.0,91.0,52.35,71.88,30.02,7.63
453,velyka lepetykha,12.0,UA,1521285731.0,90.0,47.18,33.94,51.62,14.0
454,birao,0.0,CF,1521285732.0,12.0,10.3,22.78,101.03,11.43
455,ushuaia,75.0,AR,1521284400.0,69.0,-54.81,-68.31,39.2,6.93
456,rikitea,80.0,PF,1521285209.0,97.0,-23.12,-134.97,81.41,14.56
457,khatanga,12.0,RU,1521285211.0,0.0,71.98,102.47,-32.44,5.5
458,rikitea,80.0,PF,1521285209.0,97.0,-23.12,-134.97,81.41,14.56
459,mar del plata,0.0,AR,1521285166.0,92.0,-46.43,-67.52,46.22,7.4
460,albany,8.0,AU,1521285197.0,63.0,-35.02,117.88,57.38,10.2
461,rio gallegos,0.0,AR,1521284400.0,60.0,-51.62,-69.22,41.0,13.87
463,severo-kurilsk,36.0,RU,1521285281.0,100.0,50.68,156.12,21.11,23.06
464,yauya,88.0,PE,1521285734.0,95.0,-8.99,-77.29,44.15,2.04
465,butaritari,56.0,KI,1521285282.0,98.0,3.07,172.79,83.3,4.05
466,cape town,0.0,ZA,1521280800.0,29.0,-33.93,18.42,78.8,10.29
467,zhigansk,8.0,RU,1521285735.0,41.0,66.77,123.37,-12.91,9.86
468,yellowknife,20.0,CA,1521280800.0,84.0,62.45,-114.38,8.6,6.93
469,saldanha,0.0,ZA,1521280800.0,18.0,-33.01,17.94,82.4,2.24
471,fort smith,1.0,US,1521285300.0,65.0,35.39,-94.42,48.2,4.7
474,hermanus,0.0,ZA,1521285225.0,44.0,-34.42,19.24,75.2,6.73
475,rikitea,80.0,PF,1521285209.0,97.0,-23.12,-134.97,81.41,14.56
477,vadso,75.0,NO,1521283800.0,85.0,70.07,29.75,24.8,3.36
478,busselton,0.0,AU,1521285228.0,100.0,-33.64,115.35,62.96,15.01
480,albany,8.0,AU,1521285197.0,63.0,-35.02,117.88,57.38,10.2
481,barrow,90.0,US,1521282900.0,86.0,39.51,-90.4,42.8,10.29
482,hilo,1.0,US,1521280560.0,88.0,19.71,-155.08,71.6,4.7
483,hermanus,0.0,ZA,1521285225.0,44.0,-34.42,19.24,75.2,6.73
484,rikitea,80.0,PF,1521285209.0,97.0,-23.12,-134.97,81.41,14.56
485,najran,0.0,SA,1521280800.0,17.0,17.54,44.22,86.0,9.17
486,jamestown,88.0,SH,1521285270.0,100.0,-15.94,-5.72,75.02,15.57
487,bredasdorp,12.0,ZA,1521280800.0,47.0,-34.53,20.04,75.2,21.92
488,makurdi,8.0,NG,1521285742.0,57.0,7.73,8.54,92.48,9.86
490,khatanga,12.0,RU,1521285211.0,0.0,71.98,102.47,-32.44,5.5
491,fort morgan,1.0,US,1521284100.0,85.0,40.25,-103.8,30.2,6.93
492,labuhan,88.0,ID,1521285244.0,97.0,-2.54,115.51,72.77,2.15
493,mahebourg,90.0,MU,1521280800.0,70.0,-20.41,57.7,84.2,12.75
494,auki,32.0,SB,1521285744.0,100.0,-8.77,160.7,80.51,4.61
495,hermanus,0.0,ZA,1521285225.0,44.0,-34.42,19.24,75.2,6.73
496,rikitea,80.0,PF,1521285209.0,97.0,-23.12,-134.97,81.41,14.56
498,cidreira,0.0,BR,1521285227.0,77.0,-30.17,-50.22,73.85,7.63
499,inuvik,75.0,CA,1521280800.0,85.0,68.36,-133.71,10.4,3.36
500,port alfred,56.0,ZA,1521285294.0,83.0,-33.59,26.89,70.16,17.25
501,jamestown,88.0,SH,1521285270.0,100.0,-15.94,-5.72,75.02,15.57
502,katsuura,0.0,JP,1521280800.0,56.0,33.93,134.5,42.8,4.7
503,yanam,36.0,IN,1521285747.0,58.0,16.73,82.22,84.02,6.62
504,busselton,0.0,AU,1521285228.0,100.0,-33.64,115.35,62.96,15.01
505,lebu,92.0,CL,1521285203.0,100.0,-37.62,-73.65,57.74,7.29
506,hobart,0.0,AU,1521284400.0,49.0,-42.88,147.33,71.6,8.05
507,bluff,12.0,NZ,1521285201.0,100.0,-46.6,168.33,58.19,11.65
508,narsaq,75.0,GL,1521283800.0,36.0,60.91,-46.05,44.6,12.75
509,banda aceh,68.0,ID,1521285748.0,98.0,5.56,95.32,77.99,1.14
510,westport,8.0,NZ,1521285749.0,100.0,-41.75,171.6,50.0,2.59
511,vaini,20.0,TO,1521284400.0,83.0,-21.2,-175.2,77.0,11.54
512,husavik,75.0,IS,1521284400.0,91.0,66.04,-17.34,33.8,3.36
513,avarua,20.0,CK,1521284400.0,88.0,-21.21,-159.78,73.4,2.24
514,pisco,0.0,PE,1521284400.0,77.0,-13.71,-76.2,69.8,4.7
516,victoria,40.0,SC,1521280800.0,74.0,-4.62,55.45,84.2,9.17
517,bredasdorp,12.0,ZA,1521280800.0,47.0,-34.53,20.04,75.2,21.92
518,capao bonito,8.0,BR,1521285452.0,90.0,-24.01,-48.35,75.11,4.16
519,ziro,92.0,IN,1521285752.0,99.0,27.54,93.82,49.46,1.36
520,tanabe,20.0,JP,1521280800.0,71.0,33.73,135.39,50.0,4.7
521,albany,8.0,AU,1521285197.0,63.0,-35.02,117.88,57.38,10.2
522,chuy,0.0,UY,1521285143.0,92.0,-33.69,-53.46,71.42,11.43
523,rikitea,80.0,PF,1521285209.0,97.0,-23.12,-134.97,81.41,14.56
524,ponta do sol,20.0,CV,1521285248.0,100.0,17.2,-25.09,69.08,20.27
525,carnarvon,0.0,AU,1521285233.0,82.0,-24.87,113.63,80.96,20.27
526,nanortalik,92.0,GL,1521285611.0,90.0,60.14,-45.24,34.61,23.73
527,saskylakh,24.0,RU,1521285288.0,28.0,71.97,114.09,-19.39,11.1
528,chokurdakh,0.0,RU,1521285198.0,0.0,70.62,147.9,-35.32,4.05
530,carnarvon,0.0,AU,1521285233.0,82.0,-24.87,113.63,80.96,20.27
531,ushuaia,75.0,AR,1521284400.0,69.0,-54.81,-68.31,39.2,6.93
532,moose factory,1.0,CA,1521280800.0,75.0,51.26,-80.61,-14.81,6.93
533,carnarvon,0.0,AU,1521285233.0,82.0,-24.87,113.63,80.96,20.27
534,ushuaia,75.0,AR,1521284400.0,69.0,-54.81,-68.31,39.2,6.93
535,hobart,0.0,AU,1521284400.0,49.0,-42.88,147.33,71.6,8.05
536,tasiilaq,90.0,GL,1521283800.0,58.0,65.61,-37.64,30.2,20.8
538,khatanga,12.0,RU,1521285211.0,0.0,71.98,102.47,-32.44,5.5
539,tzucacab,88.0,MX,1521285757.0,90.0,20.07,-89.05,71.96,2.82
540,havre-saint-pierre,90.0,CA,1521283320.0,85.0,50.23,-63.6,23.0,5.82
541,busselton,0.0,AU,1521285228.0,100.0,-33.64,115.35,62.96,15.01
543,puerto ayora,24.0,EC,1521285206.0,100.0,-0.74,-90.35,76.73,4.05
544,castro,56.0,CL,1521285237.0,97.0,-42.48,-73.76,46.31,3.38
545,paamiut,0.0,GL,1521285759.0,90.0,61.99,-49.67,28.31,7.96
546,rikitea,80.0,PF,1521285209.0,97.0,-23.12,-134.97,81.41,14.56
547,bata,40.0,GQ,1521284400.0,74.0,1.87,9.77,87.8,6.93
548,barrow,90.0,US,1521282900.0,86.0,39.51,-90.4,42.8,10.29
549,busselton,0.0,AU,1521285228.0,100.0,-33.64,115.35,62.96,15.01
550,velyka mykhaylivka,20.0,UA,1521285761.0,92.0,47.08,29.85,56.39,11.21
551,bosaso,0.0,SO,1521284400.0,78.0,11.28,49.18,80.6,20.8
552,jamestown,88.0,SH,1521285270.0,100.0,-15.94,-5.72,75.02,15.57
553,atuona,92.0,PF,1521285239.0,100.0,-9.8,-139.03,80.96,14.45
554,berja,20.0,ES,1521284400.0,51.0,36.85,-2.95,60.8,32.21
555,qaqortoq,75.0,GL,1521283800.0,36.0,60.72,-46.03,44.6,12.75
556,maun,40.0,BW,1521284400.0,55.0,-19.99,23.42,86.0,5.82
559,henties bay,0.0,NA,1521285702.0,87.0,-22.12,14.28,69.98,6.96
560,yellowknife,20.0,CA,1521280800.0,84.0,62.45,-114.38,8.6,6.93
561,busselton,0.0,AU,1521285228.0,100.0,-33.64,115.35,62.96,15.01
562,busselton,0.0,AU,1521285228.0,100.0,-33.64,115.35,62.96,15.01
563,castro,56.0,CL,1521285237.0,97.0,-42.48,-73.76,46.31,3.38
564,kapaa,1.0,US,1521284160.0,100.0,22.08,-159.32,73.4,3.36
565,terrace,20.0,CA,1521280800.0,80.0,54.52,-128.61,33.8,8.05
568,fallon,1.0,US,1521284160.0,85.0,46.84,-105.12,24.8,5.82
569,lebu,92.0,CL,1521285203.0,100.0,-37.62,-73.65,57.74,7.29
570,puerto ayora,24.0,EC,1521285206.0,100.0,-0.74,-90.35,76.73,4.05
572,flinders,0.0,AU,1521280800.0,82.0,-34.58,150.85,66.2,4.7
573,new norfolk,0.0,AU,1521284400.0,49.0,-42.78,147.06,71.6,8.05
575,akureyri,75.0,IS,1521284400.0,92.0,65.68,-18.09,33.8,3.36
576,clyde river,75.0,CA,1521280800.0,74.0,70.47,-68.59,-22.01,9.17
577,busselton,0.0,AU,1521285228.0,100.0,-33.64,115.35,62.96,15.01
579,bambous virieux,90.0,MU,1521280800.0,70.0,-20.34,57.76,84.2,12.75
580,bredasdorp,12.0,ZA,1521280800.0,47.0,-34.53,20.04,75.2,21.92
581,tasiilaq,90.0,GL,1521283800.0,58.0,65.61,-37.64,30.2,20.8
583,busselton,0.0,AU,1521285228.0,100.0,-33.64,115.35,62.96,15.01
584,hithadhoo,0.0,MV,1521285213.0,99.0,-0.6,73.08,84.92,15.46
585,gamba,12.0,GA,1521285772.0,91.0,-2.72,10.02,84.02,8.97
586,bathsheba,75.0,BB,1521284400.0,74.0,13.22,-59.52,78.8,17.22
587,ancud,76.0,CL,1521285773.0,100.0,-41.87,-73.83,48.92,2.59
588,bandarbeyla,0.0,SO,1521285773.0,100.0,9.49,50.81,79.16,8.08
589,abapo,20.0,BO,1521285774.0,71.0,-18.83,-63.47,76.01,6.51
590,bluff,12.0,NZ,1521285201.0,100.0,-46.6,168.33,58.19,11.65
591,mahebourg,90.0,MU,1521280800.0,70.0,-20.41,57.7,84.2,12.75
592,hermanus,0.0,ZA,1521285225.0,44.0,-34.42,19.24,75.2,6.73
593,jamestown,88.0,SH,1521285270.0,100.0,-15.94,-5.72,75.02,15.57
594,ushuaia,75.0,AR,1521284400.0,69.0,-54.81,-68.31,39.2,6.93
595,vaini,20.0,TO,1521284400.0,83.0,-21.2,-175.2,77.0,11.54
596,albany,8.0,AU,1521285197.0,63.0,-35.02,117.88,57.38,10.2
597,albany,8.0,AU,1521285197.0,63.0,-35.02,117.88,57.38,10.2
599,fagersta,0.0,SE,1521283800.0,57.0,60.0,15.79,24.8,3.36
600,bluff,12.0,NZ,1521285201.0,100.0,-46.6,168.33,58.19,11.65
601,bluff,12.0,NZ,1521285201.0,100.0,-46.6,168.33,58.19,11.65
602,marsabit,48.0,KE,1521285777.0,75.0,2.34,37.99,84.2,4.05
603,new norfolk,0.0,AU,1521284400.0,49.0,-42.78,147.06,71.6,8.05
605,albany,8.0,AU,1521285197.0,63.0,-35.02,117.88,57.38,10.2
606,saint george,20.0,BM,1521284100.0,51.0,32.38,-64.68,59.0,27.51
607,te anau,36.0,NZ,1521285779.0,85.0,-45.41,167.72,36.41,2.37
608,esperance,36.0,AU,1521285238.0,64.0,-33.86,121.89,58.82,12.77
610,cidreira,0.0,BR,1521285227.0,77.0,-30.17,-50.22,73.85,7.63
611,cherskiy,0.0,RU,1521285274.0,0.0,68.75,161.3,-31.63,2.37
612,alofi,12.0,NU,1521280800.0,100.0,-19.06,-169.92,69.8,1.12
613,barrow,90.0,US,1521282900.0,86.0,39.51,-90.4,42.8,10.29
614,busselton,0.0,AU,1521285228.0,100.0,-33.64,115.35,62.96,15.01
615,avarua,20.0,CK,1521284400.0,88.0,-21.21,-159.78,73.4,2.24
616,punta arenas,75.0,CL,1521284400.0,70.0,-53.16,-70.91,44.6,17.22
617,vaini,20.0,TO,1521284400.0,83.0,-21.2,-175.2,77.0,11.54
618,walvis bay,0.0,NA,1521284400.0,64.0,-22.95,14.51,68.0,8.05
620,kasongo-lunda,0.0,CD,1521285391.0,46.0,-6.48,16.82,89.24,2.71
621,bambous virieux,90.0,MU,1521280800.0,70.0,-20.34,57.76,84.2,12.75
622,abu kamal,0.0,SY,1521285783.0,22.0,34.45,40.92,73.22,15.35
623,padang,0.0,ID,1521285323.0,100.0,-0.92,100.36,84.38,4.27
626,tuktoyaktuk,56.0,CA,1521280800.0,63.0,69.44,-133.03,3.2,13.87
627,vila do maio,75.0,CV,1521284400.0,60.0,15.13,-23.22,73.4,24.16
628,isangel,0.0,VU,1521285412.0,100.0,-19.55,169.27,81.59,16.24
629,bluff,12.0,NZ,1521285201.0,100.0,-46.6,168.33,58.19,11.65
630,khatanga,12.0,RU,1521285211.0,0.0,71.98,102.47,-32.44,5.5
631,talnakh,0.0,RU,1521285284.0,34.0,69.49,88.39,-22.9,2.59
632,domoni,80.0,KM,1521285786.0,95.0,-12.26,44.53,85.73,21.27
633,tura,0.0,RU,1521285260.0,64.0,64.27,100.22,-4.18,2.15
635,kalaleh,92.0,IR,1521285716.0,99.0,37.38,55.49,50.36,4.94
636,bathsheba,75.0,BB,1521284400.0,74.0,13.22,-59.52,78.8,17.22
637,chokurdakh,0.0,RU,1521285198.0,0.0,70.62,147.9,-35.32,4.05
638,tabora,92.0,TZ,1521285788.0,100.0,-5.02,32.81,64.85,5.84
640,tuktoyaktuk,56.0,CA,1521280800.0,63.0,69.44,-133.03,3.2,13.87
641,lyngdal,40.0,NO,1521283800.0,62.0,58.14,7.07,24.8,18.34
642,nome,90.0,US,1521283680.0,100.0,30.04,-94.42,69.8,4.7
643,rikitea,80.0,PF,1521285209.0,97.0,-23.12,-134.97,81.41,14.56
644,pedernales,8.0,DO,1521285790.0,100.0,18.04,-71.74,73.85,7.96
645,chuy,0.0,UY,1521285143.0,92.0,-33.69,-53.46,71.42,11.43
646,puerto baquerizo moreno,76.0,EC,1521285790.0,100.0,-0.9,-89.6,78.08,5.06
647,daru,64.0,PG,1521285791.0,94.0,-9.07,143.21,82.58,7.18
648,butaritari,56.0,KI,1521285282.0,98.0,3.07,172.79,83.3,4.05
649,tasiilaq,90.0,GL,1521283800.0,58.0,65.61,-37.64,30.2,20.8
650,hibbing,1.0,US,1521285300.0,92.0,47.43,-92.94,10.4,2.71
652,maningrida,68.0,AU,1521285792.0,92.0,-12.05,134.23,80.24,7.52
653,visby,20.0,SE,1521283800.0,50.0,57.64,18.3,28.4,17.22
654,ushuaia,75.0,AR,1521284400.0,69.0,-54.81,-68.31,39.2,6.93
655,punta arenas,75.0,CL,1521284400.0,70.0,-53.16,-70.91,44.6,17.22
656,puerto ayora,24.0,EC,1521285206.0,100.0,-0.74,-90.35,76.73,4.05
657,saint george,20.0,BM,1521284100.0,51.0,32.38,-64.68,59.0,27.51
658,rikitea,80.0,PF,1521285209.0,97.0,-23.12,-134.97,81.41,14.56
659,lavrentiya,12.0,RU,1521285348.0,100.0,65.58,-170.99,-7.69,29.66
661,kodiak,90.0,US,1521280380.0,93.0,39.95,-94.76,35.6,11.41
662,arraial do cabo,75.0,BR,1521284400.0,78.0,-22.97,-42.02,80.6,6.93
663,norman wells,90.0,CA,1521280800.0,79.0,65.28,-126.83,26.6,2.24
664,surt,88.0,LY,1521285796.0,31.0,31.21,16.59,88.34,23.29
665,kamenka,88.0,RU,1521285797.0,93.0,53.19,44.05,19.31,6.73
